<?xml version="1.0" encoding="UTF-8" standalone="yes"?>
<assembly manifestVersion="1.0" xmlns="urn:schemas-microsoft-com:asm.v1">
  <assemblyIdentity name="OposicionLogica" processorArchitecture="x86" type="win32" version="1.0.0.0"/>
  <dependency>
    <dependentAssembly>
      <assemblyIdentity language="*" name="Microsoft.Windows.Common-Controls" processorArchitecture="*" publicKeyToken="6595b64144ccf1df" type="win32" version="6.0.0.0"/>
      <compatibility xmlns="urn:schemas-microsoft-com:compatibility.v1"/>
    </dependentAssembly>
  </dependency>
  <compatibility xmlns="urn:schemas-microsoft-com:compatibility.v1">
    <application>
      <supportedOS Id="{e2011457-1546-43c5-a5fe-008deee3d3f0}"/>
      <supportedOS Id="{35138b9a-5d96-4fbd-8e2d-a2440225f93a}"/>
      <supportedOS Id="{4a2f28e3-53b9-4441-ba9c-d69d4a4a6e38}"/>
      <supportedOS Id="{1f676c76-80e1-4239-95bb-83d0f6d0da78}"/>
      <supportedOS Id="{8e0f7a12-bfb3-4fe8-b9a5-48fd50a15a9a}"/>
    </application>
  </compatibility>
</assembly>